Verif ID,Reason
ARC-002-V1,No executable verification artifact is checked in yet.
DEM-001-V1,No executable verification artifact is checked in yet.
DEM-002-V1,No executable verification artifact is checked in yet.
DEM-003-V1,No executable verification artifact is checked in yet.
DEM-004-V1,No executable verification artifact is checked in yet.
DEM-005-V1,No executable verification artifact is checked in yet.
DEM-006-V1,No executable verification artifact is checked in yet.
CLK-001-V1,No executable verification artifact is checked in yet.
DAT-001-V1,No executable verification artifact is checked in yet.
TIM-001-V1,No executable verification artifact is checked in yet.
TEL-001-V1,No executable verification artifact is checked in yet.
STA-001-V1,No executable verification artifact is checked in yet.
STA-002-V1,No executable verification artifact is checked in yet.
STA-003-V1,No executable verification artifact is checked in yet.
TYP-001-V1,No executable verification artifact is checked in yet.
TYP-002-V1,No executable verification artifact is checked in yet.
TYP-003-V1,No executable verification artifact is checked in yet.
COST-001-V1,No executable verification artifact is checked in yet.
IPC-001-V1,No executable verification artifact is checked in yet.
IPC-002-V1,No executable verification artifact is checked in yet.
IPC-003-V1,No executable verification artifact is checked in yet.
IPC-004-V1,No executable verification artifact is checked in yet.
IPC-004-V2,No executable verification artifact is checked in yet.
IPC-005-V1,No executable verification artifact is checked in yet.
AUD-001-V1,No executable verification artifact is checked in yet.
AUD-002-V1,No executable verification artifact is checked in yet.
AUD-002-V2,No executable verification artifact is checked in yet.
AUD-003-V1,No executable verification artifact is checked in yet.
AUD-003-V2,No executable verification artifact is checked in yet.
AUD-004-V1,No executable crash-injection verification artifact is checked in yet.
FCP-001-V1,No executable verification artifact is checked in yet.
FCP-002-V1,No executable verification artifact is checked in yet.
EXP-002-V1,No executable verification artifact is checked in yet.
CAL-001-V1,No executable verification artifact is checked in yet.
CAL-002-V2,No executable verification artifact is checked in yet.
CAL-003-V1,No executable verification artifact is checked in yet.
CAL-004-V1,No executable verification artifact is checked in yet.
TIM-002-V1,No executable verification artifact is checked in yet.
SIM-001-V1,No executable verification artifact is checked in yet.
SIM-002-V1,No executable verification artifact is checked in yet.
SIM-003-V1,No executable verification artifact is checked in yet.
SIM-004-V1,No executable verification artifact is checked in yet.
SIM-005-V1,No executable verification artifact is checked in yet.
MET-001-V1,No executable verification artifact is checked in yet.
MET-002-V1,No executable verification artifact is checked in yet.
MET-003-V1,No executable verification artifact is checked in yet.
MET-004-V1,No executable verification artifact is checked in yet.
MET-005-V1,No executable verification artifact is checked in yet.
TEL-002-V1,No executable verification artifact is checked in yet.
REP-001-V1,No executable end-to-end replay verification artifact is checked in yet.
ROB-001-V1,No executable verification artifact is checked in yet.
DOC-001-V1,No executable verification artifact is checked in yet.
